title,company,location,link
데이터 분석가/사이언티스트(신입/인턴 가능),쏘카,대한민국,https://kr.indeed.com/viewjob?jk=55584c627df1acaa&tk=1f2bqfmlmpqd0800&from=serp&vjs=3
[개발]CI/CD 엔지니어(정규직),위메프,대한민국,https://kr.indeed.com/viewjob?jk=3d0cc83899a9b37f&tk=1f2bqfmlmpqd0800&from=serp&vjs=3
"빅데이터, 인공지능(AI) 외 신입/경력 인턴",스칼라웍스,대한민국,https://kr.indeed.com/viewjob?jk=dfb20fa220f3c478&tk=1f2bqfmlmpqd0800&from=serp&vjs=3
"Software Engineering Intern, 2021",Google,서울,https://kr.indeed.com/viewjob?jk=65d6ea3f2cfbd21b&tk=1f2bqfmlmpqd0800&from=serp&vjs=3
"Engr, Apps Dev 3",KLA-Tencor,대한민국,https://kr.indeed.com/viewjob?jk=afeaf9f2fdda7973&tk=1f2bqfmlmpqd0800&from=serp&vjs=3
"데이터 분석 및 컨설팅 분야 (Python, SAS, 빅데이터) 경력직",한국정보기술단,과천 과천시,https://kr.indeed.com/viewjob?jk=9fe4755841bec8ce&tk=1f2bqfmlmpqd0800&from=serp&vjs=3
"데이터분석, 딥러닝 외 신입 정규직, 인턴",피디에프솔루션세미컨덕터테크놀로지코리아,성남 분당구,https://kr.indeed.com/viewjob?jk=c98be29f8b7c8352&tk=1f2bqfmlmpqd0800&from=serp&vjs=3
[타다]데이터 분석가/사이언티스트,쏘카,대한민국,https://kr.indeed.com/viewjob?jk=3330430ae94277db&tk=1f2bqfmlmpqd0800&from=serp&vjs=3
동진쎄미켐 2021년 2분기 신입 및 경력사원,동진세미캠,충청북도 음성,https://kr.indeed.com/viewjob?jk=e2edfe79297265d4&tk=1f2bqfmlmpqd0800&from=serp&vjs=3
"Research Intern, 2021",Google,서울,https://kr.indeed.com/viewjob?jk=0c4a502533e74aac&tk=1f2bqfmlmpqd0800&from=serp&vjs=3
프랭클린템플턴투신운용 Junior Trader (Quant base 필수),프랭클린템플턴투신,대한민국,https://kr.indeed.com/viewjob?jk=4adac8923476d038&tk=1f2bqfmlmpqd0800&from=serp&vjs=3
Student Training in Engineering Program (STEP) 2021,Google,서울,https://kr.indeed.com/viewjob?jk=405e848f9b593a72&tk=1f2bqfmlmpqd0800&from=serp&vjs=3
디지털자산(암호화폐) 퀀트 트레이더 (경력),네오위즈,대한민국,https://kr.indeed.com/viewjob?jk=818d5c4e3d4e8c76&tk=1f2bqfmlmpqd0800&from=serp&vjs=3
2021년 삼성SDS 경력사원 채용 공고,삼성SDS,서울 서초동,https://kr.indeed.com/viewjob?jk=d28e94142d02f3cd&tk=1f2bqfmlmpqd0800&from=serp&vjs=3
시스템 소프트웨어 엔지니어 경력자,LG전자,서울특별시,https://kr.indeed.com/viewjob?jk=94f9c179944e1acf&tk=1f2bqfmlmpqd0800&from=serp&vjs=3
"Engr, Tech Supp 3",KLA-Tencor,대한민국,https://kr.indeed.com/viewjob?jk=233bbfd9781e846d&tk=1f2bqfmlmpqd0800&from=serp&vjs=3
데이터 엔지니어(신입/경력),쏘카,대한민국,https://kr.indeed.com/viewjob?jk=05aa5498d84c58e1&tk=1f2bqfmlmpqd0800&from=serp&vjs=3
2021년 (신입) 전문연구요원 모집,NHN,성남 판교역,https://kr.indeed.com/viewjob?jk=9acc17c535b42959&tk=1f2bqfmlmpqd0800&from=serp&vjs=3
(광주취업맛집1위)2021년도 국비 기술교육생,대한상공회의소 광주인력개발원,광주 광산구,https://kr.indeed.com/viewjob?jk=b95d00f1145e5ef3&tk=1f2bqfmlmpqd0800&from=serp&vjs=3
전문연구요원 (병역특례) 수시 (AI / HW 분야),딥엑스,성남 분당구,https://kr.indeed.com/viewjob?jk=78e99625e5de3c95&tk=1f2bqfmlmpqd0800&from=serp&vjs=3
사내 및 서비스 보안 담당자 (경력),네오위즈,대한민국,https://kr.indeed.com/viewjob?jk=cd40cf786e32f325&tk=1f2bqfmlmpqd0800&from=serp&vjs=3
정보보안 담당자,Nexon,성남 분당구,https://kr.indeed.com/viewjob?jk=eeb9fe1c361f0758&tk=1f2bqfmlmpqd0800&from=serp&vjs=3
[Janssen] Data Scientist,Johnson & Johnson Family of Companies,서울,https://kr.indeed.com/viewjob?jk=4bd70fb8a220d90d&tk=1f2bqfmlmpqd0800&from=serp&vjs=3
"Application Engineer South Korea (Physics, EE)",Zurich Instruments,부산,https://kr.indeed.com/viewjob?jk=8ae150ee0df56848&tk=1f2bqfmlmpqd0800&from=serp&vjs=3
21년 전문연구요원 (AI엔지니어),Nexon,성남 분당구,https://kr.indeed.com/viewjob?jk=69ab0f58743cb713&tk=1f2bqfmlmpqd0800&from=serp&vjs=3
(주)솔라라이트 인공지능(AI)개발 인재,솔라라이트,대구 동구,https://kr.indeed.com/viewjob?jk=7b3f4dca01d22782&tk=1f2bqfmlmpqd0800&from=serp&vjs=3
SK 바이오팜 Digital Healthcare 경력직 재공고(신약개발 Big-data AI 모델 개발 및 분석),SK 바이오팜,경기도,https://kr.indeed.com/viewjob?jk=3ac8b93a8b2bb585&tk=1f2bqfmlmpqd0800&from=serp&vjs=3
퀀트운용본부 경력사원,디비자산운용,대한민국,https://kr.indeed.com/viewjob?jk=9f76d408a8c324f7&tk=1f2bqfmlmpqd0800&from=serp&vjs=3
EUV SEC Competency Engineer,ASML,대한민국,https://kr.indeed.com/viewjob?jk=15eb7355628c349a&tk=1f2bqfmlmpqd0800&from=serp&vjs=3
Operation Buyer(Contractor),Edwards Korea Ltd,충청남도 천안,https://kr.indeed.com/viewjob?jk=750bd649ca4aec64&tk=1f2bqfmlmpqd0800&from=serp&vjs=3
DGIST 2019년 제1차 계약직원 공개채용 공고,대구경북과학기술원,대구 현풍면,https://kr.indeed.com/viewjob?jk=4cd34228af5013fd&tk=1f2bqfmlmpqd0800&from=serp&vjs=3
위메프오 서버개발자(정규직),위메프,대한민국,https://kr.indeed.com/viewjob?jk=43f8edb38c7888c7&tk=1f2bqfmlmpqd0800&from=serp&vjs=3
인프라보안,NHN,성남 판교역,https://kr.indeed.com/viewjob?jk=aa4f54d9c677fd73&tk=1f2bqfmlmpqd0800&from=serp&vjs=3
Quality Engineer 반월공장 (Precursor & Specialty Gas),Merck KGaA,경기도 안산,https://kr.indeed.com/viewjob?jk=bc1be4ffc953c21a&tk=1f2bqfmlmpqd0800&from=serp&vjs=3
퀀트운용팀 (사원-대리급),신한비엔피파리바자산운용,대한민국,https://kr.indeed.com/viewjob?jk=9040dba1c8db2a5d&tk=1f2bqfmlmpqd0800&from=serp&vjs=3
"디지털트윈(HTML5기반 Java/JScript/Mysql, R/Python)개발자",로제타텍,성남 중원구,https://kr.indeed.com/viewjob?jk=06f928ce5f4deff8&tk=1f2bqfmlmpqd0800&from=serp&vjs=3
DBA 엔지니어,쏘카,대한민국,https://kr.indeed.com/viewjob?jk=9c4f4236ac42f224&tk=1f2bqfmlmpqd0800&from=serp&vjs=3
Deep Learning Engineer Intern,Intel,서울,https://kr.indeed.com/viewjob?jk=6d2542e38cfca6e3&tk=1f2bqfmlmpqd0800&from=serp&vjs=3
Deep Learning Junior Engineer,Intel,서울,https://kr.indeed.com/viewjob?jk=ff626941e918bf66&tk=1f2bqfmlmpqd0800&from=serp&vjs=3
소형전지사업부/기술혁신센터,삼성SDI,충청남도 천안,https://kr.indeed.com/viewjob?jk=089931931a0474d5&tk=1f2bqfmlmpqd0800&from=serp&vjs=3
Field Algorithm Engineer,Nova Measuring Instruments,경기도 화성,https://kr.indeed.com/viewjob?jk=4bfb17b42e2d7728&tk=1f2bqfmlmpqd0800&from=serp&vjs=3
데이터 분야 경력,LG CNS,서울,https://kr.indeed.com/viewjob?jk=d17da0baecf05910&tk=1f2bqfmlmpqd0800&from=serp&vjs=3
FPGA 플랫폼 엔지니어 (딥러닝 하드웨어 프로세서 개발),딥엑스,성남 분당구,https://kr.indeed.com/viewjob?jk=e5448ffc7d6ecf02&tk=1f2bqfmlmpqd0800&from=serp&vjs=3
2021 GEDP (Global Engineering Development Program),GE Appliances,경기도 성남,https://kr.indeed.com/viewjob?jk=b102b3d8f193a4c1&tk=1f2bqfmlmpqd0800&from=serp&vjs=3
AI/빅데이터/클라우드 분야 (인재 Pool),LG유플러스,서울,https://kr.indeed.com/viewjob?jk=be95b5718905880f&tk=1f2bqfmlmpqd0800&from=serp&vjs=3
Field Service Engineer,Nearfield Instruments,경기도 용인,https://kr.indeed.com/viewjob?jk=89f3e10d77a126bf&tk=1f2bqfmlmpqd0800&from=serp&vjs=3
(신입/경력) AR&AI 엔지니어,플레이스에이,성남 분당구,https://kr.indeed.com/viewjob?jk=f069d006ba3ffa5a&tk=1f2bqfmlmpqd0800&from=serp&vjs=3
NAVER IDC 서버 운영/관리,NIT Service,춘천 동면,https://kr.indeed.com/viewjob?jk=18b288e9021d899f&tk=1f2bqfmlmpqd0800&from=serp&vjs=3
지스트 블록체인인터넷경제연구센터 계약직(연구원),광주과학기술원,광주 북구,https://kr.indeed.com/viewjob?jk=cd2ef993ee5c8d3f&tk=1f2bqfmlmpqd0800&from=serp&vjs=3
Application Engineer III - (E3),Applied Materials Inc.,대한민국,https://kr.indeed.com/viewjob?jk=4f2835fd73c9e3c7&tk=1f2bqfmlmpqd0800&from=serp&vjs=3
지스트 블록체인인터넷경제연구센터 계약직(연구원),광주과학기술원,광주 북구,https://kr.indeed.com/viewjob?jk=cd2ef993ee5c8d3f&tk=1f2bqfmlmpqd0800&from=serp&vjs=3
Senior Verification Engineer,Dialog Semiconductor,대한민국,https://kr.indeed.com/viewjob?jk=1710cc40e88942fc&tk=1f2bqfmlmpqd0800&from=serp&vjs=3
Technical Consultant Intern,Amazon Web Services Korea LLC,서울,https://kr.indeed.com/viewjob?jk=74f109233a14e204&tk=1f2bqfmlmpqd0800&from=serp&vjs=3
데이터 분석,아프리카TV,경기도 성남,https://kr.indeed.com/viewjob?jk=7fdcd7a7457b1e93&tk=1f2bqfmlmpqd0800&from=serp&vjs=3
Infra Biz본부 기술지원 계약직,SK텔레콤,대한민국,https://kr.indeed.com/viewjob?jk=89d4053c832fee5a&tk=1f2bqfmlmpqd0800&from=serp&vjs=3
2019 Military Service Exemption Position Available at the IBS CMCM (Synthetic Organic/Polymer Chemistry OR Theoretical Study of Carbon and Related Materials),울산과학기술원,울산 언양읍,https://kr.indeed.com/viewjob?jk=8becbf73bbda7c96&tk=1f2bqfmlmpqd0800&from=serp&vjs=3
퀀트운용본부 경력사원,디비자산운용,대한민국,https://kr.indeed.com/viewjob?jk=9f76d408a8c324f7&tk=1f2bqfmlmpqd0800&from=serp&vjs=3
Python Programmer,Mofac,서울 서초구,https://kr.indeed.com/viewjob?jk=df21e3bb5d773616&tk=1f2bqfmlmpqd0800&from=serp&vjs=3
소형전지사업부/기술혁신센터,삼성SDI,충청남도 천안,https://kr.indeed.com/viewjob?jk=089931931a0474d5&tk=1f2bqfmlmpqd0800&from=serp&vjs=3
2021 Market Data Analyst - Seoul,Bloomberg,서울,https://kr.indeed.com/viewjob?jk=e8a4630bec0783e8&tk=1f2bqfmlmpqd0800&from=serp&vjs=3
컨설팅사업부 학사이상 IT 인력(경력/신입),케이지제로인,대한민국,https://kr.indeed.com/viewjob?jk=a55ec216ad3dcc30&tk=1f2bqfmlmpqd0800&from=serp&vjs=3
전문연구요원 (병역특례) 수시 (AI / HW 분야),딥엑스,성남 분당구,https://kr.indeed.com/viewjob?jk=78e99625e5de3c95&tk=1f2bqfmlmpqd0800&from=serp&vjs=3
(주)솔라라이트 인공지능(AI)개발 인재,솔라라이트,대구 동구,https://kr.indeed.com/viewjob?jk=7b3f4dca01d22782&tk=1f2bqfmlmpqd0800&from=serp&vjs=3
"Data Analyst, Mid-Market",Criteo,서울,https://kr.indeed.com/viewjob?jk=a68b395e909a260f&tk=1f2bqfmlmpqd0800&from=serp&vjs=3
AR App Engineer,Hyperconnect,서울,https://kr.indeed.com/viewjob?jk=4b15dd8e45f0fd01&tk=1f2bqfmlmpqd0800&from=serp&vjs=3
기술 지원 엔지니어 - 주말전사,Dataiku,서울특별시,https://kr.indeed.com/viewjob?jk=e76216e61e1a67d9&tk=1f2bqfmlmpqd0800&from=serp&vjs=3
Field Application Engineer,Nearfield Instruments,경기도 용인,https://kr.indeed.com/viewjob?jk=6aebabcddef7f514&tk=1f2bqfmlmpqd0800&from=serp&vjs=3
ETF운용팀 경력직,한화자산운용,대한민국,https://kr.indeed.com/viewjob?jk=ab50326324ff64a6&tk=1f2bqfmlmpqd0800&from=serp&vjs=3
FPGA 플랫폼 엔지니어 (딥러닝 하드웨어 프로세서 개발),딥엑스,성남 분당구,https://kr.indeed.com/viewjob?jk=e5448ffc7d6ecf02&tk=1f2bqfmlmpqd0800&from=serp&vjs=3
계약직 기능 검증직 채용,두산로보틱스,수원 고색동,https://kr.indeed.com/viewjob?jk=7d8ef8d1e1b08ec0&tk=1f2bqfmlmpqd0800&from=serp&vjs=3
BIOS/Firmware Engineer,Intel,서울,https://kr.indeed.com/viewjob?jk=36df1dfea186e63e&tk=1f2bqfmlmpqd0800&from=serp&vjs=3
추천 통계분석/데이터사이언티스트,카카오,성남 판교역,https://kr.indeed.com/viewjob?jk=bfe0f5ac4f32ec89&tk=1f2bqfmlmpqd0800&from=serp&vjs=3
각 분야별 인재 Pool 등록,지투알,서울,https://kr.indeed.com/viewjob?jk=a64e1e21f61265ce&tk=1f2bqfmlmpqd0800&from=serp&vjs=3
"데이터 가치를 함께 발굴하실 머신러닝, 통계 모델링 전문가 모집",카카오,성남 판교역,https://kr.indeed.com/viewjob?jk=d1e75364ef505c68&tk=1f2bqfmlmpqd0800&from=serp&vjs=3
ktb투자증권 파생영업팀,케이티비투자증권,대한민국,https://kr.indeed.com/viewjob?jk=fcb79fb74c3a7447&tk=1f2bqfmlmpqd0800&from=serp&vjs=3
Data Engineer,Dohands Company,서울,https://kr.indeed.com/viewjob?jk=63fa708f9257033a&tk=1f2bqfmlmpqd0800&from=serp&vjs=3
게임이상탐지 분석/개발,Nexon,성남 분당구,https://kr.indeed.com/viewjob?jk=4ec305f59ce64060&tk=1f2bqfmlmpqd0800&from=serp&vjs=3
(주)아이옵스 소프트웨어 개발자,아이옵스,대전 유성구,https://kr.indeed.com/viewjob?jk=ae22088cdea0b40c&tk=1f2bqfmlmpqd0800&from=serp&vjs=3
BIM Manager,SYSTRA,서울,https://kr.indeed.com/viewjob?jk=112e58d399a83a19&tk=1f2bqfmlmpqd0800&from=serp&vjs=3
데이터 분야 경력,LG CNS,서울,https://kr.indeed.com/viewjob?jk=d17da0baecf05910&tk=1f2bqfmlmpqd0800&from=serp&vjs=3
Machine Learning Researcher – On-device AI theory and algorithm,Qualcomm Korea YH,서울,https://kr.indeed.com/viewjob?jk=c2f5f53dc48263eb&tk=1f2bqfmlmpqd0800&from=serp&vjs=3
메시지발송 플랫폼 개발자,Nexon,성남 분당구,https://kr.indeed.com/viewjob?jk=eaee1538d8cc832f&tk=1f2bqfmlmpqd0800&from=serp&vjs=3
추천 시스템 소프트웨어 엔지니어,카카오,성남 판교역,https://kr.indeed.com/viewjob?jk=07375dc4e800dfa9&tk=1f2bqfmlmpqd0800&from=serp&vjs=3
Data Scientist - IBM Garage,IBM,서울,https://kr.indeed.com/viewjob?jk=f646e85ff3e17ed8&tk=1f2bqfmlmpqd0800&from=serp&vjs=3
테크센터개발팀 - 웹 프로그래머,Nexon,성남 분당구,https://kr.indeed.com/viewjob?jk=650893f0672cebc3&tk=1f2bqfmlmpqd0800&from=serp&vjs=3
"Staff Software Engineer, Maps & Navigation, Seoul, Korea",Tesla,서울,https://kr.indeed.com/viewjob?jk=44f16e94e3e6b589&tk=1f2bqfmlmpqd0800&from=serp&vjs=3
부정행위 탐지를 위한 분석 전문가 모집,엔씨소프트,성남 판교역,https://kr.indeed.com/viewjob?jk=fc0a62df62c4351d&tk=1f2bqfmlmpqd0800&from=serp&vjs=3
테크니컬 오디오 디자이너(Technical Audio Designer) 모집,엔씨소프트,성남 판교역,https://kr.indeed.com/viewjob?jk=2da67b89b1d7139b&tk=1f2bqfmlmpqd0800&from=serp&vjs=3
Real World Evidence Science & Innovation (RWE) Manager,Novo Nordisk,서울,https://kr.indeed.com/viewjob?jk=e90a62203eb6e390&tk=1f2bqfmlmpqd0800&from=serp&vjs=3
"NAVER, LINE 서비스 플랫폼 운영",NIT Service,성남 삼평동,https://kr.indeed.com/viewjob?jk=5e7dc1196f13b938&tk=1f2bqfmlmpqd0800&from=serp&vjs=3
금융 AI 기술 연구 개발자 모집,엔씨소프트,성남 판교역,https://kr.indeed.com/viewjob?jk=b3bad30597277db5&tk=1f2bqfmlmpqd0800&from=serp&vjs=3
A.I. 내비게이션 전문가,LG전자,서울 서초구,https://kr.indeed.com/viewjob?jk=836b58f1148deecc&tk=1f2bqfmlmpqd0800&from=serp&vjs=3
[EY한영] 감사본부 파생상품평가부서(DVC) 경력직 모집,Ernst & Young,대한민국,https://kr.indeed.com/viewjob?jk=f2cca1a985038942&tk=1f2bqfmlmpqd0800&from=serp&vjs=3
매칭 데이터분석,Nexon,성남 분당구,https://kr.indeed.com/viewjob?jk=15edcadd124ad99a&tk=1f2bqfmlmpqd0800&from=serp&vjs=3
PI&CS Engineer (Process Information & Control Solutions),3M,경기도 화성,https://kr.indeed.com/viewjob?jk=2b7c67c7f1fe78ff&tk=1f2bqfmlmpqd0800&from=serp&vjs=3
침해시도 분석/대응 전문가,이베이 코리아,서울 강남구,https://kr.indeed.com/viewjob?jk=af1b1800c6df998a&tk=1f2bqfmlmpqd0800&from=serp&vjs=3
Developer / Designer recruit,마이뮤직테이스트,서울 논현동,https://kr.indeed.com/viewjob?jk=55a19c92c845685e&tk=1f2bqfmlmpqd0800&from=serp&vjs=3
2021 상반기 신입사원 채용,교보생명,서울 종로1가,https://kr.indeed.com/viewjob?jk=bf756444db915490&tk=1f2bqfmlmpqd0800&from=serp&vjs=3
Software Architecture 설계 엔지니어,딥엑스,성남 분당구,https://kr.indeed.com/viewjob?jk=7df915e1f0f86b2d&tk=1f2bqfmlmpqd0800&from=serp&vjs=3
Field AI Engineer,Graphcore,서울,https://kr.indeed.com/viewjob?jk=9e1861e691426a98&tk=1f2bqfmlmpqd0800&from=serp&vjs=3
딥러닝 AI 개발 연구원,베이리스,성남 수정구,https://kr.indeed.com/viewjob?jk=87309d3ff40ead61&tk=1f2bqfmlmpqd0800&from=serp&vjs=3
AR App Engineer,Hyperconnect,서울,https://kr.indeed.com/viewjob?jk=4b15dd8e45f0fd01&tk=1f2bqfmlmpqd0800&from=serp&vjs=3
DGIST 제2차 계약직 연구원 채용공고,대구경북과학기술원,대구 현풍면,https://kr.indeed.com/viewjob?jk=2cfd15907402c5cc&tk=1f2bqfmlmpqd0800&from=serp&vjs=3
침해시도 분석/대응 전문가,이베이 코리아,서울 강남구,https://kr.indeed.com/viewjob?jk=af1b1800c6df998a&tk=1f2bqfmlmpqd0800&from=serp&vjs=3
데이터 분석/처리 플랫폼 개발,NHN,성남 판교역,https://kr.indeed.com/viewjob?jk=46975ee759c13b8a&tk=1f2bqfmlmpqd0800&from=serp&vjs=3
"Staff Software Engineer, Maps & Navigation, Seoul, Korea",Tesla,서울,https://kr.indeed.com/viewjob?jk=44f16e94e3e6b589&tk=1f2bqfmlmpqd0800&from=serp&vjs=3
RTL 기반 HW IP 설계 엔지니어 (딥러닝 하드웨어 프로세서 개발),딥엑스,성남 분당구,https://kr.indeed.com/viewjob?jk=6ede042ebe53ba49&tk=1f2bqfmlmpqd0800&from=serp&vjs=3
"NAVER, LINE 서비스 플랫폼 운영",NIT Service,성남 삼평동,https://kr.indeed.com/viewjob?jk=5e7dc1196f13b938&tk=1f2bqfmlmpqd0800&from=serp&vjs=3
DS부문 System LSI사업부 경력사원 채용공고,삼성전자,서울 서초동,https://kr.indeed.com/viewjob?jk=7333475de06b9365&tk=1f2bqfmlmpqd0800&from=serp&vjs=3
2021 상반기 신입사원 채용,교보생명,서울 종로1가,https://kr.indeed.com/viewjob?jk=bf756444db915490&tk=1f2bqfmlmpqd0800&from=serp&vjs=3
Data Analyst,뱅크샐러드,서울 영등포구,https://kr.indeed.com/viewjob?jk=c35892a03ccf7332&tk=1f2bqfmlmpqd0800&from=serp&vjs=3
Sr. Application Engineer - HAV,Mentor Graphics (Korea) LLC,경기도 성남,https://kr.indeed.com/viewjob?jk=68486bb7da29a05b&tk=1f2bqfmlmpqd0800&from=serp&vjs=3
Infra Biz본부 기술지원 계약직,SK텔레콤,대한민국,https://kr.indeed.com/viewjob?jk=89d4053c832fee5a&tk=1f2bqfmlmpqd0800&from=serp&vjs=3
"데이터 가치를 함께 발굴하실 머신러닝, 통계 모델링 전문가 모집",카카오,성남 판교역,https://kr.indeed.com/viewjob?jk=d1e75364ef505c68&tk=1f2bqfmlmpqd0800&from=serp&vjs=3
"웹개발, Python 외 신입/경력 계약직",쿠바로엠앤씨,서울 강서구,https://kr.indeed.com/viewjob?jk=84fd9f9deb6105b0&tk=1f2bqfmlmpqd0800&from=serp&vjs=3
Linux/Python/PHP/MySQL/백엔드 정규직 경력,일루미나리안,용인 보정동,https://kr.indeed.com/viewjob?jk=04d685fc70b67d4e&tk=1f2bqfmlmpqd0800&from=serp&vjs=3
PI&CS Engineer (Process Information & Control Solutions),3M,경기도 화성,https://kr.indeed.com/viewjob?jk=2b7c67c7f1fe78ff&tk=1f2bqfmlmpqd0800&from=serp&vjs=3
2021년 상반기 R&D 개발자 (병역특례 가능/경력 무관),네오스텍,인천 연수구,https://kr.indeed.com/viewjob?jk=754be9e3d78fa802&tk=1f2bqfmlmpqd0800&from=serp&vjs=3
PostgreSQL DBA 국내 IT대기업,회사없음,경기도,https://kr.indeed.com/viewjob?jk=1679cd3717e62c42&tk=1f2bqfmlmpqd0800&from=serp&vjs=3
[AI/Lab] AI 백엔드 엔지니어 (전문연구요원 가능),버즈니,서울,https://kr.indeed.com/viewjob?jk=dbe3257e487e5814&tk=1f2bqfmlmpqd0800&from=serp&vjs=3
Data Engineer,Dohands Company,서울,https://kr.indeed.com/viewjob?jk=63fa708f9257033a&tk=1f2bqfmlmpqd0800&from=serp&vjs=3
[TmaxBI/기술] 빅데이터 플랫폼 QA,티맥스소프트,성남 분당구,https://kr.indeed.com/viewjob?jk=5ce610b12ceaed2f&tk=1f2bqfmlmpqd0800&from=serp&vjs=3
금융 AI 기술 연구 개발자 모집,엔씨소프트,성남 판교역,https://kr.indeed.com/viewjob?jk=b3bad30597277db5&tk=1f2bqfmlmpqd0800&from=serp&vjs=3
Back-end Engineer (Python),Soomgo,서울 강남구,https://kr.indeed.com/viewjob?jk=752a4b5d63eac97c&tk=1f2bqfmlmpqd0800&from=serp&vjs=3
카카오 광고 서비스 알고리즘 및 시스템 개발,카카오,성남 판교역,https://kr.indeed.com/viewjob?jk=afe92c03320fe1b3&tk=1f2bqfmlmpqd0800&from=serp&vjs=3
리서치분야 석사이상 경력직,케이지제로인,대한민국,https://kr.indeed.com/viewjob?jk=b602108c31558329&tk=1f2bqfmlmpqd0800&from=serp&vjs=3
머신러닝 개발,Nexon,성남 분당구,https://kr.indeed.com/viewjob?jk=a1d687cd59776360&tk=1f2bqfmlmpqd0800&from=serp&vjs=3
ktb투자증권 파생영업팀,케이티비투자증권,대한민국,https://kr.indeed.com/viewjob?jk=fcb79fb74c3a7447&tk=1f2bqfmlmpqd0800&from=serp&vjs=3
"토탈제어시스템, 임베디드(Embedded) 외 신입/경력 인턴",엔아이스퀘어,광주 광산구,https://kr.indeed.com/viewjob?jk=6531d039395a3ffe&tk=1f2bqfmlmpqd0800&from=serp&vjs=3
매칭 데이터분석,Nexon,성남 분당구,https://kr.indeed.com/viewjob?jk=15edcadd124ad99a&tk=1f2bqfmlmpqd0800&from=serp&vjs=3
"웹개발, JSP 외 경력 정규직",아디아랩,부산 강서구,https://kr.indeed.com/viewjob?jk=5df292639c270866&tk=1f2bqfmlmpqd0800&from=serp&vjs=3
인체/미생물 유전자 및 바이오인포매틱스 전문가,LG전자,서울 서초구,https://kr.indeed.com/viewjob?jk=760ad189be6b26ea&tk=1f2bqfmlmpqd0800&from=serp&vjs=3
연구소장 (SDN 경험자),트렌토 시스템즈,대전 유성구,https://kr.indeed.com/viewjob?jk=48459d39adf56082&tk=1f2bqfmlmpqd0800&from=serp&vjs=3
경험최적화 - 데이터 사이언티스트/분석가,Nexon,성남 분당구,https://kr.indeed.com/viewjob?jk=1b62babbbf2d717a&tk=1f2bqfmlmpqd0800&from=serp&vjs=3
BIOS/Firmware Engineer,Intel,서울,https://kr.indeed.com/viewjob?jk=36df1dfea186e63e&tk=1f2bqfmlmpqd0800&from=serp&vjs=3
Data Analytics SA,Amazon Web Services Korea LLC,서울,https://kr.indeed.com/viewjob?jk=9a818d9d91db847d&tk=1f2bqfmlmpqd0800&from=serp&vjs=3
데이터 사이언티스트 경력자,LG전자,서울 영등포구,https://kr.indeed.com/viewjob?jk=4b1ef235605e3648&tk=1f2bqfmlmpqd0800&from=serp&vjs=3
Technical Consultant Intern,Amazon Web Services Korea LLC,서울,https://kr.indeed.com/viewjob?jk=74f109233a14e204&tk=1f2bqfmlmpqd0800&from=serp&vjs=3
Sales Operations Specialist,3M,서울,https://kr.indeed.com/viewjob?jk=ef7a74269d5cddd6&tk=1f2bqfmlmpqd0800&from=serp&vjs=3
Front end 개발자,브릭,성남 분당구,https://kr.indeed.com/viewjob?jk=cac18e6bcbee5a21&tk=1f2bqfmlmpqd0800&from=serp&vjs=3
Machine Learning Researcher – On-device AI theory and algorithm,Qualcomm Korea YH,서울,https://kr.indeed.com/viewjob?jk=c2f5f53dc48263eb&tk=1f2bqfmlmpqd0800&from=serp&vjs=3
부정행위 탐지를 위한 분석 전문가 모집,엔씨소프트,성남 판교역,https://kr.indeed.com/viewjob?jk=fc0a62df62c4351d&tk=1f2bqfmlmpqd0800&from=serp&vjs=3
2019 Military Service Exemption Position Available at the IBS CMCM (Synthetic Organic/Polymer Chemistry OR Theoretical Study of Carbon and Related Materials),울산과학기술원,울산 언양읍,https://kr.indeed.com/viewjob?jk=8becbf73bbda7c96&tk=1f2bqfmlmpqd0800&from=serp&vjs=3
DGIST 계약직 연구원 및 일반직원 초빙 공고,대구경북과학기술원,대구 현풍면,https://kr.indeed.com/viewjob?jk=65da831cb9d5a6b5&tk=1f2bqfmlmpqd0800&from=serp&vjs=3
경험최적화파트 - 머신러닝 엔지니어,Nexon,성남 분당구,https://kr.indeed.com/viewjob?jk=7bf179a290a157b2&tk=1f2bqfmlmpqd0800&from=serp&vjs=3
Python Programmer,Mofac,서울 서초구,https://kr.indeed.com/viewjob?jk=df21e3bb5d773616&tk=1f2bqfmlmpqd0800&from=serp&vjs=3
"웹개발, 백엔드 외 경력 정규직",아이티엔제이,울산 남구,https://kr.indeed.com/viewjob?jk=7dbaa95d22eacd29&tk=1f2bqfmlmpqd0800&from=serp&vjs=3
클라우드 시스템 엔지니어링,NHN,성남 판교역,https://kr.indeed.com/viewjob?jk=5cb14c0712a6c4c1&tk=1f2bqfmlmpqd0800&from=serp&vjs=3
Senior Verification Engineer,Dialog Semiconductor,대한민국,https://kr.indeed.com/viewjob?jk=1710cc40e88942fc&tk=1f2bqfmlmpqd0800&from=serp&vjs=3
"MVP 개발 엔지니어(서버, 웹프론트) (정규직, 계약직, 프리랜서)",더테스터,대전 중구,https://kr.indeed.com/viewjob?jk=1748baa27965fdbf&tk=1f2bqfmlmpqd0800&from=serp&vjs=3
딥러닝 AI 개발 연구원,베이리스,성남 수정구,https://kr.indeed.com/viewjob?jk=87309d3ff40ead61&tk=1f2bqfmlmpqd0800&from=serp&vjs=3
[Business Insights] Business Data Analyst,PUBG,서울,https://kr.indeed.com/viewjob?jk=5fabc892216e1c62&tk=1f2bqfmlmpqd0800&from=serp&vjs=3
[리니지2] MMORPG 서버 프로그래머 모집,엔씨소프트,성남 판교역,https://kr.indeed.com/viewjob?jk=bb83a9ca56d8a05c&tk=1f2bqfmlmpqd0800&from=serp&vjs=3
부정 행위 탐지 서비스 개발을 위한 기계학습 전문가 모집,엔씨소프트,성남 판교역,https://kr.indeed.com/viewjob?jk=9114939c6b62d6e7&tk=1f2bqfmlmpqd0800&from=serp&vjs=3
2021년 상반기 각 부문별 수시,넷타겟,성남 분당구,https://kr.indeed.com/viewjob?jk=e901ee44bef16a6d&tk=1f2bqfmlmpqd0800&from=serp&vjs=3
Senior Solutions Consultant - South Korea,Cloudera,서울,https://kr.indeed.com/viewjob?jk=a2bae5598f01349a&tk=1f2bqfmlmpqd0800&from=serp&vjs=3
Network Engineer,Blizzard Entertainment,서울,https://kr.indeed.com/viewjob?jk=0224e8cd9aba5320&tk=1f2bqfmlmpqd0800&from=serp&vjs=3
[TmaxCloud/기술] ProLinux QA,티맥스소프트,성남 분당구,https://kr.indeed.com/viewjob?jk=f0b998b7227af206&tk=1f2bqfmlmpqd0800&from=serp&vjs=3
Data Engineer - IBM Garage,IBM,서울,https://kr.indeed.com/viewjob?jk=acfa1e921e2fb115&tk=1f2bqfmlmpqd0800&from=serp&vjs=3
MySQL 데이터베이스 엔지니어(DBA) 국내 대형 포털 플랫폼사,회사없음,경기도,https://kr.indeed.com/viewjob?jk=dfd2fdf4634d57e1&tk=1f2bqfmlmpqd0800&from=serp&vjs=3
2021년 이공계 전문기술 연수사업 취업연계 무료 교육생,우송대학교산학협력단,대전 동구,https://kr.indeed.com/viewjob?jk=c453c879f09c6644&tk=1f2bqfmlmpqd0800&from=serp&vjs=3
네이버 클라우드 플랫폼 기술지원,NIT Service,성남 삼평동,https://kr.indeed.com/viewjob?jk=e27c921dfbf357ac&tk=1f2bqfmlmpqd0800&from=serp&vjs=3
"Applications Engineer (P&R, physical design)",Synopsys,서울,https://kr.indeed.com/viewjob?jk=cd8b3cb33ec3693d&tk=1f2bqfmlmpqd0800&from=serp&vjs=3
Senior Support Engineer (APAC),Dataiku,서울,https://kr.indeed.com/viewjob?jk=3b92a246b4535cd9&tk=1f2bqfmlmpqd0800&from=serp&vjs=3
Data Science Manager,The Nielsen Company,서울,https://kr.indeed.com/viewjob?jk=073d76335475fce3&tk=1f2bqfmlmpqd0800&from=serp&vjs=3
AI 연구 및 개발 직군 모집,넷마블,서울 구로구,https://kr.indeed.com/viewjob?jk=56add096e14a7879&tk=1f2bqfmlmpqd0800&from=serp&vjs=3
고등광기술연구소 전문연구요원,광주과학기술원,광주 북구,https://kr.indeed.com/viewjob?jk=7c19ff88836f8869&tk=1f2bqfmlmpqd0800&from=serp&vjs=3
2021년 상반기 R&D 개발자 (병역특례 가능/경력 무관),네오스텍,인천 연수구,https://kr.indeed.com/viewjob?jk=754be9e3d78fa802&tk=1f2bqfmlmpqd0800&from=serp&vjs=3
개인화메시징,Nexon,성남 분당구,https://kr.indeed.com/viewjob?jk=c52f854a9841881c&tk=1f2bqfmlmpqd0800&from=serp&vjs=3
데이터 인프라 담당자 모집,카카오,성남 판교역,https://kr.indeed.com/viewjob?jk=6fe5311eacbea17a&tk=1f2bqfmlmpqd0800&from=serp&vjs=3
RTL 기반 HW IP 설계 엔지니어 (딥러닝 하드웨어 프로세서 개발),딥엑스,성남 분당구,https://kr.indeed.com/viewjob?jk=6ede042ebe53ba49&tk=1f2bqfmlmpqd0800&from=serp&vjs=3
"고등광기술연구소 레이저응용시스템연구실 박사후연구원, 위촉연구원",광주과학기술원,광주 북구,https://kr.indeed.com/viewjob?jk=05a8e481d9859e2c&tk=1f2bqfmlmpqd0800&from=serp&vjs=3
"Developer Relations Manager, Enterprise",NVIDIA,서울,https://kr.indeed.com/viewjob?jk=84a8e6a4768fe82e&tk=1f2bqfmlmpqd0800&from=serp&vjs=3
네이버 파이낸셜 플랫폼 운영,NIT Service,성남 삼평동,https://kr.indeed.com/viewjob?jk=b3a6c83c9debcb92&tk=1f2bqfmlmpqd0800&from=serp&vjs=3
연구소장 (SDN 경험자),트렌토 시스템즈,대전 유성구,https://kr.indeed.com/viewjob?jk=48459d39adf56082&tk=1f2bqfmlmpqd0800&from=serp&vjs=3
[개발]E-Commerce 데이터 엔지니어/NLP개발자(정규직),위메프,대한민국,https://kr.indeed.com/viewjob?jk=ab8b221932fe27ef&tk=1f2bqfmlmpqd0800&from=serp&vjs=3
SENIOR ARCHITECT,Harman International,경기도,https://kr.indeed.com/viewjob?jk=fa54623d3be17ab7&tk=1f2bqfmlmpqd0800&from=serp&vjs=3
애플리케이션 보안,NHN,성남 판교역,https://kr.indeed.com/viewjob?jk=fce04ed9777c8bed&tk=1f2bqfmlmpqd0800&from=serp&vjs=3
"IT분야 경력직원 (빅데이터 개발/운영, 카드금융 개발/운영)",우리에프아이에스,서울 마포구,https://kr.indeed.com/viewjob?jk=7e1a2c3f814f1735&tk=1f2bqfmlmpqd0800&from=serp&vjs=3
Technical Support Representative(사원급),IBM,서울,https://kr.indeed.com/viewjob?jk=c3fe1cbc5e1ae20b&tk=1f2bqfmlmpqd0800&from=serp&vjs=3
경험최적화 - 머신러닝 엔지니어,Nexon,성남 분당구,https://kr.indeed.com/viewjob?jk=d80ca42562e966a4&tk=1f2bqfmlmpqd0800&from=serp&vjs=3
[메디치소프트]데이터 분석가 웹프로그래머 python java,메디치소프트,서울 상암동,https://kr.indeed.com/viewjob?jk=d70f7a128ddf5a0f&tk=1f2bqfmlmpqd0800&from=serp&vjs=3
Consultant - Identity & Security,Microsoft,대한민국,https://kr.indeed.com/viewjob?jk=f71d35f5dff01c45&tk=1f2bqfmlmpqd0800&from=serp&vjs=3
반도체 테스트 엔지니어 경력사원,LG전자,서울 서초구,https://kr.indeed.com/viewjob?jk=a39578a5676b4f4f&tk=1f2bqfmlmpqd0800&from=serp&vjs=3
Customer Engineer,Microsoft,서울,https://kr.indeed.com/viewjob?jk=7d4bc2a107c6669b&tk=1f2bqfmlmpqd0800&from=serp&vjs=3
Telecom Support Engineer,Amazon Web Services Korea LLC,서울,https://kr.indeed.com/viewjob?jk=6ffc6777e4269d57&tk=1f2bqfmlmpqd0800&from=serp&vjs=3
"[단기계약직] 음성 데이터 가공, 정제 및 DB 구축을 위한 단기계약직 모집",엔씨소프트,성남 판교역,https://kr.indeed.com/viewjob?jk=ef43a8a93ad68511&tk=1f2bqfmlmpqd0800&from=serp&vjs=3
BootStack APAC Engineering Manager,Canonical - Jobs,서울,https://kr.indeed.com/viewjob?jk=5d0ef9b5f9746e74&tk=1f2bqfmlmpqd0800&from=serp&vjs=3
Vocational Training Student/Apprentice (Data Analytics and Machine Learning)-2022 Graduates-Korea,SAP,서울,https://kr.indeed.com/viewjob?jk=c6ee3097edd285ea&tk=1f2bqfmlmpqd0800&from=serp&vjs=3
전문연구요원 (병역특례) 수시 (AI / SW 분야),딥엑스,성남 분당구,https://kr.indeed.com/viewjob?jk=d83fc0dd2641f483&tk=1f2bqfmlmpqd0800&from=serp&vjs=3
데이터 엔지니어,NHN ACE,성남 판교역,https://kr.indeed.com/viewjob?jk=e803cc5c050eb359&tk=1f2bqfmlmpqd0800&from=serp&vjs=3
Data Scientist,뱅크샐러드,서울 영등포구,https://kr.indeed.com/viewjob?jk=7a94b6093a374c8e&tk=1f2bqfmlmpqd0800&from=serp&vjs=3
"Technical Solutions Engineer, Wear OS (English, Korean)",Google,서울,https://kr.indeed.com/viewjob?jk=b966810974ac84da&tk=1f2bqfmlmpqd0800&from=serp&vjs=3
금융IT(UI/UX개발) 인재,에셋플러스자산운용,대한민국,https://kr.indeed.com/viewjob?jk=04751aa927de1b32&tk=1f2bqfmlmpqd0800&from=serp&vjs=3
[서울시뉴딜] 디지털사이니지 · 실감콘텐츠 분야 전문인력 양성 교육 / 교육부터 인턴까지,스마트미디어산업진흥협회,서울,https://kr.indeed.com/viewjob?jk=7b04030358d701b1&tk=1f2bqfmlmpqd0800&from=serp&vjs=3
메시지플랫폼 개발,Nexon,성남 분당구,https://kr.indeed.com/viewjob?jk=8c88208d5aa20d79&tk=1f2bqfmlmpqd0800&from=serp&vjs=3
정보보호 컨설팅 전문가 양성 과정,한국정보보호산업협회,서울,https://kr.indeed.com/viewjob?jk=61de44a2ade660a0&tk=1f2bqfmlmpqd0800&from=serp&vjs=3
"토탈제어시스템, 임베디드(Embedded) 외 신입/경력 인턴",엔아이스퀘어,광주 광산구,https://kr.indeed.com/viewjob?jk=6531d039395a3ffe&tk=1f2bqfmlmpqd0800&from=serp&vjs=3
수학과 출신 신입 소프트웨어 개발,"씨쓰리디C3DC,Ltd",부산 해운대구,https://kr.indeed.com/viewjob?jk=da4c00ff263f7cfe&tk=1f2bqfmlmpqd0800&from=serp&vjs=3
[Clova CIC] 언어 모델 연구 및 대화 시스템 개발 인턴사원 (체험형),네이버,서울,https://kr.indeed.com/viewjob?jk=fa4084196836b8bc&tk=1f2bqfmlmpqd0800&from=serp&vjs=3
고등광기술연구소 계약직 연구원,광주과학기술원,광주 북구,https://kr.indeed.com/viewjob?jk=b9111853e8754517&tk=1f2bqfmlmpqd0800&from=serp&vjs=3
[개발]E-Commerce 데이터 엔지니어/NLP개발자(정규직),위메프,대한민국,https://kr.indeed.com/viewjob?jk=ab8b221932fe27ef&tk=1f2bqfmlmpqd0800&from=serp&vjs=3
데이터 사이언티스트 경력자,LG전자,서울 영등포구,https://kr.indeed.com/viewjob?jk=4b1ef235605e3648&tk=1f2bqfmlmpqd0800&from=serp&vjs=3
"Perception Engineer, Deep Learning - Autonomous Vehicles",NVIDIA,서울,https://kr.indeed.com/viewjob?jk=7a10f3521337083b&tk=1f2bqfmlmpqd0800&from=serp&vjs=3
"고등광기술연구소 레이저응용시스템연구실 박사후연구원, 위촉연구원",광주과학기술원,광주 북구,https://kr.indeed.com/viewjob?jk=05a8e481d9859e2c&tk=1f2bqfmlmpqd0800&from=serp&vjs=3
네이버 클라우드 플랫폼 기술지원,NIT Service,성남 삼평동,https://kr.indeed.com/viewjob?jk=e27c921dfbf357ac&tk=1f2bqfmlmpqd0800&from=serp&vjs=3
동국대학교 데이터분석팀 연구원(계약직) 채용공고,동국대학교,서울 필동,https://kr.indeed.com/viewjob?jk=409c1253b2dde75b&tk=1f2bqfmlmpqd0800&from=serp&vjs=3
DGIST-ETH 마이크로로봇연구센터 계약직 연구원 공개 초빙 공고,대구경북과학기술원,대구 현풍면,https://kr.indeed.com/viewjob?jk=f19b8cb8881146ea&tk=1f2bqfmlmpqd0800&from=serp&vjs=3
Senior Support Engineer (APAC),Dataiku,서울,https://kr.indeed.com/viewjob?jk=3b92a246b4535cd9&tk=1f2bqfmlmpqd0800&from=serp&vjs=3
경험최적화 - 머신러닝 엔지니어,Nexon,성남 분당구,https://kr.indeed.com/viewjob?jk=d80ca42562e966a4&tk=1f2bqfmlmpqd0800&from=serp&vjs=3
블록체인인터넷경제연구센터 위촉연구원,광주과학기술원,광주 북구,https://kr.indeed.com/viewjob?jk=3e80435be74cd28f&tk=1f2bqfmlmpqd0800&from=serp&vjs=3
개인화메시징,Nexon,성남 분당구,https://kr.indeed.com/viewjob?jk=c52f854a9841881c&tk=1f2bqfmlmpqd0800&from=serp&vjs=3
[AI Service] Windows 및 모바일 개발자 모집,엔씨소프트,성남 판교역,https://kr.indeed.com/viewjob?jk=f90c6d60322757d3&tk=1f2bqfmlmpqd0800&from=serp&vjs=3
광고데이터플랫폼 개발자 모집,카카오,성남 판교역,https://kr.indeed.com/viewjob?jk=6d0095647ec5d2a4&tk=1f2bqfmlmpqd0800&from=serp&vjs=3
매칭 기획,Nexon,성남 분당구,https://kr.indeed.com/viewjob?jk=36c48cb9bc2758cb&tk=1f2bqfmlmpqd0800&from=serp&vjs=3
"Field Application Engineer, Audio Implementation",Dolby,서울,https://kr.indeed.com/viewjob?jk=dee1c9e840dc5691&tk=1f2bqfmlmpqd0800&from=serp&vjs=3
Cross Border Ecommerce - Business Intelligence (Based in Seoul),Shopee,서울,https://kr.indeed.com/viewjob?jk=b574f1454ae36aab&tk=1f2bqfmlmpqd0800&from=serp&vjs=3
Data Scientist,뱅크샐러드,서울 영등포구,https://kr.indeed.com/viewjob?jk=7a94b6093a374c8e&tk=1f2bqfmlmpqd0800&from=serp&vjs=3
2021년 한화시스템 방산부문 프로젝트/기간제 엔지니어 채용(상시),한화그룹,서울,https://kr.indeed.com/viewjob?jk=2b09f13b5790dd69&tk=1f2bqfmlmpqd0800&from=serp&vjs=3
데이터 엔지니어,NHN ACE,성남 판교역,https://kr.indeed.com/viewjob?jk=e803cc5c050eb359&tk=1f2bqfmlmpqd0800&from=serp&vjs=3
메시지플랫폼 개발,Nexon,성남 분당구,https://kr.indeed.com/viewjob?jk=8c88208d5aa20d79&tk=1f2bqfmlmpqd0800&from=serp&vjs=3
애플리케이션 보안,NHN,성남 판교역,https://kr.indeed.com/viewjob?jk=fce04ed9777c8bed&tk=1f2bqfmlmpqd0800&from=serp&vjs=3
[Business Insights] Business Data Analyst,PUBG,서울,https://kr.indeed.com/viewjob?jk=5fabc892216e1c62&tk=1f2bqfmlmpqd0800&from=serp&vjs=3
[AI/Lab] AI 백엔드 엔지니어 (전문연구요원 가능),버즈니,서울,https://kr.indeed.com/viewjob?jk=dbe3257e487e5814&tk=1f2bqfmlmpqd0800&from=serp&vjs=3
[TmaxCloud/기술] ProLinux QA,티맥스소프트,성남 분당구,https://kr.indeed.com/viewjob?jk=f0b998b7227af206&tk=1f2bqfmlmpqd0800&from=serp&vjs=3
통합인터페이스 백엔드 서버 개발,Nexon,성남 분당구,https://kr.indeed.com/viewjob?jk=489f19028e8a723b&tk=1f2bqfmlmpqd0800&from=serp&vjs=3
챗봇 및 상담 플랫폼 서버 개발자 모집,카카오,성남 판교역,https://kr.indeed.com/viewjob?jk=20d40ee61adffeca&tk=1f2bqfmlmpqd0800&from=serp&vjs=3
DGIST 동반진단의료기술융합연구실 계약직 연구원 채용 공고,대구경북과학기술원,대구 현풍면,https://kr.indeed.com/viewjob?jk=db55ee61f98e6816&tk=1f2bqfmlmpqd0800&from=serp&vjs=3
Software Engineer (Embedded/ Numerical Control Programming),BOEING,서울,https://kr.indeed.com/viewjob?jk=d14b8e0abce71268&tk=1f2bqfmlmpqd0800&from=serp&vjs=3
[포털서비스] AB테스트 설계/분석 데이터 엔지니어 및 서버 개발자 모집,카카오,성남 판교역,https://kr.indeed.com/viewjob?jk=b970fab4900ee5ec&tk=1f2bqfmlmpqd0800&from=serp&vjs=3
Product Engineer II - Liberate,Cadence Design Systems,경기도,https://kr.indeed.com/viewjob?jk=858d2828b6756338&tk=1f2bqfmlmpqd0800&from=serp&vjs=3
게임 서버 프로그래밍,Nexon,성남 분당구,https://kr.indeed.com/viewjob?jk=3d678bf37ef6b4a4&tk=1f2bqfmlmpqd0800&from=serp&vjs=3
부정 행위 탐지 서비스 개발을 위한 기계학습 전문가 모집,엔씨소프트,성남 판교역,https://kr.indeed.com/viewjob?jk=9114939c6b62d6e7&tk=1f2bqfmlmpqd0800&from=serp&vjs=3
"Technical Solutions Engineer, Wear OS (English, Korean)",Google,서울,https://kr.indeed.com/viewjob?jk=b966810974ac84da&tk=1f2bqfmlmpqd0800&from=serp&vjs=3
DGIST HumanLAB(인간중심지능형시스템연구실) 연수연구원 채용 공고,대구경북과학기술원,대구 현풍면,https://kr.indeed.com/viewjob?jk=54ce47c4db974112&tk=1f2bqfmlmpqd0800&from=serp&vjs=3
Customer Engineer,Microsoft,서울,https://kr.indeed.com/viewjob?jk=7d4bc2a107c6669b&tk=1f2bqfmlmpqd0800&from=serp&vjs=3
[Papago] 파파고 머신러닝(컴퓨터비전) 엔지니어 체험형 인턴,네이버,서울,https://kr.indeed.com/viewjob?jk=5d586ea25719e960&tk=1f2bqfmlmpqd0800&from=serp&vjs=3
"Developer Relations Manager, Enterprise",NVIDIA,서울,https://kr.indeed.com/viewjob?jk=84a8e6a4768fe82e&tk=1f2bqfmlmpqd0800&from=serp&vjs=3
"Java, Python 영상툴 개발자",에이아이메이커,서울 마곡동,https://kr.indeed.com/viewjob?jk=cae2de07045cfb2b&tk=1f2bqfmlmpqd0800&from=serp&vjs=3
NLP Researcher,AITRICS,서울,https://kr.indeed.com/viewjob?jk=3cf01580ba5eb23a&tk=1f2bqfmlmpqd0800&from=serp&vjs=3
[메디치소프트]데이터 분석가 웹프로그래머 python java,메디치소프트,서울 상암동,https://kr.indeed.com/viewjob?jk=d70f7a128ddf5a0f&tk=1f2bqfmlmpqd0800&from=serp&vjs=3
Vocational Training Student/Apprentice (Intelligent Data Processing Engine)-2022 Graduates-Korea,SAP,서울,https://kr.indeed.com/viewjob?jk=d98dfbbf0162cbb7&tk=1f2bqfmlmpqd0800&from=serp&vjs=3
인증아이템 신규 플랫폼 서버 개발자 모집,카카오,성남 판교역,https://kr.indeed.com/viewjob?jk=3c1331c8e7e611fe&tk=1f2bqfmlmpqd0800&from=serp&vjs=3
플랫폼 개발,NHN,성남 판교역,https://kr.indeed.com/viewjob?jk=e8ff70f4dd69a226&tk=1f2bqfmlmpqd0800&from=serp&vjs=3
"Applications Engineer (P&R, physical design)",Synopsys,서울,https://kr.indeed.com/viewjob?jk=cd8b3cb33ec3693d&tk=1f2bqfmlmpqd0800&from=serp&vjs=3
위메프오 DevOps Engineer(정규직),위메프,대한민국,https://kr.indeed.com/viewjob?jk=7a04ccec3bfe8e78&tk=1f2bqfmlmpqd0800&from=serp&vjs=3
로봇제어 개발자,유버,안산 상록구,https://kr.indeed.com/viewjob?jk=96702633aa235ab8&tk=1f2bqfmlmpqd0800&from=serp&vjs=3
qe 소프트웨어 엔지니어,에이치알 코리아,대한민국,https://kr.indeed.com/viewjob?jk=85687b250386c4be&tk=1f2bqfmlmpqd0800&from=serp&vjs=3
기술 인턴 인공지능 응용 연구/개발 인턴,써로마인드로보틱스,서울 관악구,https://kr.indeed.com/viewjob?jk=71c47ac87bb4087e&tk=1f2bqfmlmpqd0800&from=serp&vjs=3
[AI/Lab] AI 백엔드 엔지니어 (마케팅 분야),버즈니,서울,https://kr.indeed.com/viewjob?jk=1d2b22a2bcd3256f&tk=1f2bqfmlmpqd0800&from=serp&vjs=3
